T,mean_abs_error,n
0.25,0.07093604231443215,315
0.5,0.10939859792140175,315
1.0,0.16813687878975625,315
2.0,0.2833128578815316,315
